"length_min","length_max","gravy_min","gravy_max","n_valid_total","n_invalid_total","detection_rate_valid","detection_rate_invalid","enrichment"
7,35,-1.5,1,30273,30933,0.541643139218334,0.0905555271711424,0.451087612047192
7,30,-1.5,1,28390,32816,0.556153528154741,0.105597834771411,0.45055569338333
7,40,-1.5,1,31465,29741,0.530252540619838,0.0835133753652831,0.446739165254555
8,30,-1.5,1,26239,34967,0.56988373179025,0.12449273245384,0.445390999336409
7,30,-1.5,0.8,27702,33504,0.558320597749549,0.114964137800205,0.443356459949344
7,35,-1.5,0.8,29526,31680,0.54341104370264,0.101467371551901,0.441943672150739
8,35,-1.5,1,28122,33084,0.552721381562532,0.111869335660113,0.440852045902419
8,30,-1.5,0.8,25608,35598,0.572302998171554,0.132285954434488,0.440017043737066
8,25,-1.5,1,23632,37574,0.584915076441564,0.146496283171599,0.438418793269965
7,25,-1.5,1,25783,35423,0.568649784812972,0.130430330490785,0.438219454322186
7,40,-1.5,0.8,30688,30518,0.531922356081577,0.0955123809852354,0.436409975096341
8,35,-1.5,0.8,27432,33774,0.55479180129237,0.12082626570079,0.43396553559158
8,40,-1.5,1,29314,31892,0.540107596210412,0.106292564556031,0.433815031654381
8,25,-1.5,0.8,23064,38142,0.586528152644076,0.153142997733379,0.433385154910697
7,25,-1.5,0.8,25158,36048,0.570057857997704,0.138307101201063,0.431750756796641
7,30,-1.5,0.6,26670,34536,0.559415002827313,0.127764473265974,0.431650529561339
8,30,-1.5,0.6,24649,36557,0.573829258906229,0.143328526546237,0.430500732359991
7,35,-1.5,0.6,28417,32789,0.546046750638005,0.115832868827105,0.4302138818109
8,40,-1.5,0.8,28594,32612,0.542003057949691,0.116045658838631,0.42595739911106
8,35,-1.5,0.6,26396,34810,0.558489938726795,0.133019908550242,0.425470030176553
8,30,-1.5,0.5,23961,37245,0.576106312536952,0.15073654536191,0.425369767175042
9,30,-1.5,1,24229,36977,0.572959842957032,0.148232715134029,0.424727127823004
7,30,-1.5,0.5,25937,35269,0.560828688151303,0.136453399300914,0.424375288850389
7,40,-1.5,0.6,29522,31684,0.535210564348666,0.110945625143002,0.424264939205664
8,25,-1.5,0.6,22224,38982,0.586804845523283,0.162595395746505,0.424209449776778
7,30,-1.2,1,25923,35283,0.557564928712393,0.134066007047463,0.423498921664929
7,35,-1.5,0.5,27629,33577,0.548456467877453,0.125259140818763,0.42319732705869
9,30,-1.5,0.8,23655,37551,0.575892716056929,0.154170925526614,0.421721790530316
9,25,-1.5,1,21622,39584,0.588937625039731,0.167379741775698,0.421557883264033
8,20,-1.5,1,19830,41376,0.600974467272764,0.179568570137054,0.42140589713571
7,25,-1.5,0.6,24245,36961,0.569914196114071,0.149121910210728,0.420792285903343
8,35,-1.5,0.5,25653,35553,0.561622866448091,0.140969987507219,0.420652878940871
8,30,-1.2,1,24068,37138,0.56958109370843,0.149054189840739,0.420526903867692
8,30,-1.5,0.4,23170,38036,0.578086268598085,0.158411196369644,0.419675072228441
7,35,-1.2,1,27772,33434,0.541534038664269,0.121959607852928,0.419574430811342
8,25,-1.5,0.5,21611,39595,0.588403963426089,0.168920083383625,0.419483880042463
9,25,-1.5,0.8,21111,40095,0.591054158326605,0.172493734645944,0.418560423680661
8,25,-1.2,1,21532,39674,0.586116399964921,0.168188014681882,0.417928385283039
7,30,-1.2,0.8,25235,35971,0.559892154977173,0.142384248541687,0.417507906435485
8,40,-1.5,0.6,27501,33705,0.546407421155972,0.129096638114972,0.417310783041
7,40,-1.5,0.5,28688,32518,0.538053662581188,0.120909782014493,0.417143880566694
9,35,-1.5,1,26112,35094,0.554827210745283,0.137688336204584,0.417138874540698
7,30,-1.5,0.4,25082,36124,0.562255414982901,0.145476530434754,0.416778884548146
8,20,-1.5,0.8,19358,41848,0.600889248710637,0.184515321413949,0.416373927296688
7,25,-1.2,1,23387,37819,0.57157586581404,0.155324179493734,0.416251686320306
8,30,-1.2,0.8,23437,37769,0.572068337672001,0.156085439693211,0.41598289797879
9,30,-1.5,0.6,22766,38440,0.578421564573301,0.162971040784293,0.415450523789008
7,35,-1.5,0.4,26715,34491,0.550395894726206,0.134996288534772,0.415399606191434
8,35,-1.5,0.4,24803,36403,0.56425370127949,0.149130925535279,0.415122775744211
7,25,-1.5,0.5,23587,37619,0.570848929037932,0.156485411351955,0.414363517685977
8,25,-1.5,0.4,20929,40277,0.589269164329552,0.175461807249304,0.413807357080248
8,25,-1.2,0.8,20964,40242,0.587681081783223,0.174227526290201,0.413453555493022
7,20,-1.5,1,21981,39225,0.580312099980519,0.167161073649695,0.413151026330824
9,35,-1.5,0.8,25479,35727,0.557446696749365,0.144541314762665,0.4129053819867
6,35,-1.5,1,32365,28841,0.509118776201792,0.0964206777305452,0.412698098471247
8,40,-1.5,0.5,26712,34494,0.55009680198341,0.137439711617359,0.412657090366051
7,40,-1.2,1,28944,32262,0.529188365849135,0.116577926991496,0.412610438857639
9,25,-1.5,0.6,20341,40865,0.592379910306014,0.180103399043858,0.412276511262156
8,35,-1.2,1,25917,35289,0.550939874391565,0.138730837674902,0.412209036716664
9,30,-1.5,0.5,22123,39083,0.580995533976276,0.168998972973591,0.411996561002685
8,30,-1.5,0.3,22274,38932,0.579348392787872,0.167484885227137,0.411863507560736
7,35,-1.2,0.8,27025,34181,0.542803357703667,0.131573770006215,0.411229587697452
7,25,-1.2,0.8,22762,38444,0.573062267358008,0.162379724785126,0.410682542572882
9,20,-1.5,1,17820,43386,0.607389842877342,0.196714616377397,0.410675226499945
6,40,-1.5,1,33557,27649,0.499405160402828,0.0892099196410706,0.410195240761758
7,40,-1.5,0.4,27733,33473,0.540268489191469,0.131099811971536,0.409168677219933
9,25,-1.5,0.5,19773,41433,0.594332791797335,0.185254756919249,0.409078034878086
8,20,-1.5,0.6,18647,42559,0.600169394514582,0.191455250830554,0.408714143684028
6,30,-1.5,1,30482,30724,0.520674588121109,0.112070457853068,0.408604130268041
9,30,-1.5,0.4,21375,39831,0.58340830915556,0.175452802206306,0.407955506949254
9,35,-1.5,0.6,24513,36693,0.562051097913775,0.154188366182087,0.407862731731688
8,30,-1.2,0.6,22478,38728,0.57371057451552,0.166142760475382,0.407567814040138
9,40,-1.5,1,27304,33902,0.54114170238145,0.133575708635257,0.407565993746193
7,30,-1.5,0.3,24126,37080,0.563362254627359,0.155942578986341,0.407419675641018
8,20,-1.2,1,17908,43298,0.604059747183304,0.19673089807222,0.407328849111083
7,20,-1.5,0.8,21452,39754,0.580159238645253,0.17288456986241,0.407274668782843
8,25,-1.5,0.3,20140,41066,0.590225265719266,0.18297785653116,0.407247409188106
9,20,-1.5,0.8,17405,43801,0.607751797355872,0.200537362021862,0.40721443533401
7,30,-1.2,0.6,24203,37003,0.56106125801777,0.15385960927809,0.40720164873968
7,25,-1.5,0.4,22841,38365,0.571297570393156,0.164122816244286,0.40717475414887
8,40,-1.5,0.4,25821,35385,0.553030868843217,0.145920099087663,0.407110769755554
8,35,-1.5,0.3,23821,37385,0.566251392395723,0.159155636622831,0.407095755772892
8,35,-1.2,0.8,25227,35979,0.552420610696282,0.146753102123597,0.405667508572685
7,35,-1.5,0.3,25673,35533,0.551980934200606,0.146593123198921,0.405387811001685
8,25,-1.2,0.6,20124,41082,0.587922789832448,0.182909773973612,0.405013015858836
9,35,-1.5,0.5,23815,37391,0.565503360307861,0.160583465236602,0.404919895071259
9,25,-1.5,0.4,19134,42072,0.595537824186911,0.190806610784555,0.404731213402355
9,25,-1.2,1,19812,41394,0.589131616023015,0.184887909134012,0.404243706889003
8,20,-1.5,0.5,18172,43034,0.60036940162829,0.196130566788216,0.404238834840074
8,30,-1.2,0.5,21790,39416,0.576756137498887,0.172827614398848,0.403928523100038
9,30,-1.2,1,22348,38858,0.571856962786779,0.167946460696095,0.403910502090684
7,40,-1.2,0.8,28167,33039,0.530402183519637,0.127119277846962,0.403282905672675
6,35,-1.5,0.8,31548,29658,0.510741931936229,0.107723234955369,0.403018696980861
8,40,-1.2,1,27089,34117,0.537423857386414,0.134433073457394,0.402990783929021
9,40,-1.5,0.8,26641,34565,0.543941605064086,0.140971055789016,0.40297054927507
8,20,-1.2,0.8,17436,43770,0.603897131222086,0.201345077596447,0.40255205362564
9,20,-1.5,0.6,16764,44442,0.608061373401552,0.2060971224695,0.401964250932053
8,25,-1.2,0.5,19511,41695,0.590437074315522,0.188657698111193,0.401779376204329
9,30,-1.5,0.3,20537,40669,0.58493595995446,0.183170256851142,0.401765703103318
7,30,-1.2,0.5,23470,37736,0.563249199473548,0.161575950553957,0.401673248919591
9,25,-1.2,0.8,19301,41905,0.591186316370262,0.189578336723012,0.40160797964725
9,30,-1.2,0.8,21774,39432,0.574824260191513,0.173358884966126,0.401465375225387
6,30,-1.5,0.8,29724,31482,0.522929132169085,0.121651728391897,0.401277403777187
7,35,-1.2,0.6,25916,35290,0.545597593572765,0.144352528659549,0.401245064913216
9,35,-1.5,0.4,23008,38198,0.56854614064989,0.167380935956895,0.401165204692995
7,25,-1.2,0.6,21849,39357,0.572894996725642,0.172173589011841,0.400721407713801
8,20,-1.5,0.4,17622,43584,0.601448967631838,0.200964837536608,0.40048413009523
9,25,-1.5,0.3,18403,42803,0.5967604796585,0.197201169099401,0.399559310559099
7,25,-1.5,0.3,21992,39214,0.572018790298687,0.172796071328212,0.399222718970475
6,40,-1.5,0.8,32710,28496,0.500930080938349,0.101750957498602,0.399179123439747
8,30,-1.2,0.4,20999,40207,0.578874190088535,0.179776840764,0.399097349324535
9,20,-1.5,0.5,16334,44872,0.60858898306199,0.209888353853876,0.398700629208114
9,20,-1.2,1,16188,45018,0.609284052376178,0.210633886819421,0.398650165556758
7,20,-1.5,0.6,20668,40538,0.579292247062028,0.180738068140814,0.398554178921214
8,40,-1.5,0.3,24789,36417,0.555057887214449,0.156554265146416,0.398503622068033
8,35,-1.2,0.6,24191,37015,0.556240584646633,0.157781699325218,0.398458885321415
7,40,-1.5,0.3,26641,34565,0.541851298561896,0.143441611094813,0.398409687467083
7,20,-1.2,1,19763,41443,0.585027001368242,0.186620390373619,0.398406610994623
10,25,-1.5,1,19626,41580,0.587582563965915,0.189488064948032,0.398094499017883
9,40,-1.5,0.6,25618,35588,0.549243471207961,0.151203438961274,0.398040032246687
10,30,-1.5,1,22233,38973,0.570931499031453,0.172919690766155,0.398011808265298
10,30,-1.5,0.8,21706,39500,0.574516870465616,0.177257316943527,0.397259553522089
10,25,-1.5,0.8,19162,42044,0.590277705559846,0.193264768137071,0.397012937422775
8,25,-1.2,0.4,18829,42377,0.591332074457095,0.194637205395055,0.39669486906204
7,35,-1.2,0.5,25128,36078,0.54909352832715,0.152614898407845,0.396478629919305
8,25,-1,1,19613,41593,0.584056648402357,0.187712197784707,0.39634445061765
9,20,-1.5,0.4,15827,45379,0.609937138635248,0.213996682821956,0.395940455813292
7,25,-1.2,0.5,21191,40015,0.574668423388478,0.17876737535096,0.395901048037518
9,30,-1.2,0.6,20885,40321,0.577378156705153,0.181507469755374,0.395870686949779
9,25,-1.2,0.6,18531,42675,0.592545816308582,0.196675756956381,0.395870059352202
7,30,-1,1,23672,37534,0.55596252835229,0.160238195453243,0.395724332899047
8,40,-1.2,0.8,26369,34837,0.53877100064063,0.143147371496228,0.395623629144402
8,35,-1.2,0.5,23448,37758,0.560418984473459,0.164872694588237,0.395546289885221
9,25,-1.2,0.5,17963,43243,0.59684646586383,0.20142191421862,0.39542455164521
9,40,-1.5,0.5,24874,36332,0.553229842174405,0.157847823688975,0.39538201848543
9,20,-1.2,0.8,15773,45433,0.609563886160734,0.214230952952617,0.395332933208117
8,20,-1.2,0.6,16725,44481,0.602996425554304,0.207792208736971,0.395204216817332
7,30,-1.2,0.4,22615,38591,0.564815774305162,0.169631633278004,0.395184141027158
9,30,-1.2,0.5,20242,40964,0.582126659762827,0.187028565520453,0.395098094242374
9,35,-1.5,0.3,22084,39122,0.570800029936543,0.175887479035628,0.394912550900915
8,20,-1.5,0.3,16985,44221,0.601258569536267,0.206747090104457,0.39451147943181
8,30,-1,1,22030,39176,0.566545496914402,0.17204762527927,0.394497871635132
7,25,-1,1,21255,39951,0.57144811748019,0.177455268612605,0.393992848867585
9,35,-1.2,1,24197,37009,0.552246172625935,0.159161744082313,0.393084428543622
10,30,-1.5,0.6,20882,40324,0.577377814786978,0.184297193364782,0.393080621422195
7,40,-1.2,0.6,27001,34205,0.533816773544373,0.140780269500733,0.393036504043639
7,20,-1.2,0.8,19234,41972,0.584926678623689,0.19189314896058,0.393033529663108
10,20,-1.5,1,15824,45382,0.608280392217287,0.215272228204455,0.393008164012832
7,20,-1.5,0.5,20148,41058,0.578951321478882,0.186193351723667,0.392757969755215
8,25,-1,0.8,19045,42161,0.585866625169051,0.193192152846823,0.392674472322228
10,25,-1.5,0.6,18457,42749,0.591789701801912,0.199412496098742,0.39237720570317
10,30,-1.5,0.5,20290,40916,0.580886375120793,0.188834370516398,0.392052004604395
8,30,-1.2,0.3,20103,41103,0.580110924290676,0.188088922539664,0.392022001751012
8,20,-1.2,0.5,16250,44956,0.604015270348174,0.21210794961461,0.391907320733564
9,40,-1.5,0.4,24026,37180,0.556611017791203,0.164845354327098,0.391765663464105
9,30,-1.2,0.4,19494,41712,0.584702120449411,0.19295878515325,0.391743335296162
9,25,-1.2,0.4,17324,43882,0.598111696891568,0.206564767328451,0.391546929563116
10,25,-1.5,0.5,17940,43266,0.594764006983203,0.20330273531501,0.391461271668193
8,20,-1,1,16201,45005,0.603182010873191,0.21186179973889,0.3913202111343
10,20,-1.5,0.8,15456,45750,0.609042696129083,0.218070933507279,0.390971762621805
6,25,-1.5,1,27875,33331,0.528813993104778,0.137849173268106,0.390964819836672
8,35,-1.2,0.4,22598,38608,0.56315679544541,0.172192328244577,0.390964467200833
8,30,-1,0.8,21399,39807,0.569223736100307,0.178315932947541,0.390907803152766
7,30,-1,0.8,22984,38222,0.558420666874504,0.167535430855389,0.390885236019115
9,20,-1.5,0.3,15248,45958,0.609779422064024,0.218924268908969,0.390855153155055
8,25,-1.2,0.3,18040,43166,0.592321852705657,0.201560656612912,0.390761196092745
10,30,-1.5,0.4,19598,41608,0.584252829998762,0.193717729192573,0.39053510080619
9,20,-1.2,0.6,15132,46074,0.609850128151951,0.21946444572884,0.390385682423111
6,35,-1.5,0.6,30361,30845,0.51279552842279,0.122545901547119,0.390249626875671
7,35,-1.2,0.4,24214,36992,0.551110370178568,0.161220544242116,0.389889825936452
9,20,-1.2,0.5,14702,46504,0.612713621017137,0.223009650922436,0.389703970094701
7,25,-1.2,0.4,20445,40761,0.57517103825675,0.18565832905429,0.38951270920246
10,25,-1.5,0.4,17357,43849,0.596888816680285,0.207542632283913,0.389346184396372
7,25,-1,0.8,20630,40576,0.573098397387537,0.183762534414987,0.38933586297255
9,35,-1.2,0.8,23564,37642,0.554254887260595,0.165369824306335,0.388885062954261
8,20,-1.2,0.4,15700,45506,0.605275343908007,0.216567322147593,0.388708021760415
6,30,-1.5,0.6,28614,32592,0.523426658123646,0.134777581237812,0.388649076885834
7,40,-1.2,0.5,26167,35039,0.537829021293302,0.149433623439718,0.388395397853584
8,40,-1.2,0.6,25276,35930,0.543273121210305,0.154900916420713,0.388372204789592
7,35,-1,1,25456,35750,0.53885003907665,0.150944119021939,0.387905920054711
7,20,-1.5,0.4,19534,41672,0.579556390829169,0.191826951167755,0.387729439661414
9,20,-1.2,0.4,14195,47011,0.614481750029315,0.226846259458458,0.387635490570857
10,20,-1.5,0.6,14880,46326,0.609663969176732,0.222573347836494,0.387090621340239
7,30,-1.2,0.3,21659,39547,0.566059935749604,0.179034742048499,0.387025193701105
8,20,-1,0.8,15729,45477,0.603101920784919,0.21614399261164,0.386957928173279
10,35,-1.5,1,24116,37090,0.551194563070388,0.164240286465547,0.386954276604841
9,25,-1.2,0.3,16593,44613,0.599293998973401,0.212540573469615,0.386753425503786
9,25,-1,1,18103,43103,0.587262456936265,0.200908913402928,0.386353543533337
10,30,-1.5,0.3,18818,42388,0.586254273653085,0.200064711324717,0.386189562328368
9,30,-1.2,0.3,18656,42550,0.586122837186567,0.200132331053052,0.385990506133514
6,40,-1.5,0.6,31466,29740,0.503623172188464,0.117719273614614,0.38590389857385
10,25,-1.5,0.3,16684,44522,0.598686892068136,0.212797690383238,0.385889201684898
10,20,-1.5,0.5,14501,46705,0.611267140724554,0.225428110512743,0.385839030211811
8,40,-1.2,0.5,24487,36719,0.548070583590392,0.162277193528215,0.385793390062176
9,20,-1,1,14691,46515,0.608816455792849,0.223053672459345,0.385762783333503
10,20,-1.5,0.4,14050,47156,0.613717041911485,0.228484368866843,0.385232673044642
8,25,-1,0.6,18205,43001,0.586384864677288,0.201182006217644,0.385202858459643
10,35,-1.5,0.8,23530,37676,0.55446986328412,0.169286011021591,0.385183852262529
9,40,-1.5,0.3,23052,38154,0.558884914351511,0.173839348941468,0.385045565410043
7,20,-1.2,0.6,18450,42756,0.583938664042278,0.199101444898678,0.3848372191436
9,35,-1.2,0.6,22598,38608,0.55899378029294,0.174249229803323,0.384744550489617
6,25,-1.5,0.8,27180,34026,0.530461236507316,0.145782824588341,0.384678411918975
9,35,-1.2,0.5,21900,39306,0.564653467475207,0.180040147027483,0.384613320447725
6,30,-1.2,1,27680,33526,0.524797454515924,0.140265816526012,0.384531637989912
9,25,-1,0.8,17592,43614,0.589496503648926,0.205205751931936,0.38429075171699
8,35,-1.2,0.3,21616,39590,0.565485265358709,0.18131224900863,0.384173016350079
6,35,-1.2,1,29529,31677,0.511722926620286,0.127905036968863,0.383817889651423
8,30,-1,0.6,20440,40766,0.57074250479673,0.187415995142204,0.383326509654526
8,20,-1.2,0.3,15063,46143,0.605236454054898,0.221957286935916,0.383279167118981
8,35,-1,1,23814,37392,0.546969833811346,0.163869135167281,0.383100698644065
9,20,-1.2,0.3,13616,47590,0.614359863491812,0.231493800337479,0.382866063154333
10,25,-1.2,1,18056,43150,0.586205664727378,0.203344955820258,0.382860708907121
9,20,-1,0.8,14276,46930,0.609082810154226,0.226419907647206,0.38266290250702
7,25,-1.2,0.3,19596,41610,0.576063666913316,0.193486871976195,0.38257679493712
10,35,-1.5,0.6,22629,38577,0.559470258799927,0.176895737514294,0.382574521285633
6,35,-1.5,0.5,29538,31668,0.514761431498943,0.132215876089211,0.382545555409732
8,25,-1,0.5,17592,43614,0.588999458203777,0.206487965455799,0.382511492747978
7,20,-1,1,17843,43363,0.585923934596635,0.203590330652933,0.382333603943702
10,25,-1.2,0.8,17592,43614,0.588833721440782,0.20686557513208,0.381968146308702
10,20,-1.2,1,14432,46774,0.608211451459333,0.226294537380781,0.381916914078552
10,35,-1.5,0.5,21982,39224,0.563500147695261,0.181641404854582,0.381858742840679
9,30,-1,1,20520,40686,0.568691507804625,0.186840745943391,0.381850761861234
7,30,-1,0.6,21952,39254,0.559540637971589,0.177785800699466,0.381754837272123
7,40,-1.2,0.4,25212,35994,0.540091478549531,0.158369363194712,0.381722115354819
9,40,-1.2,1,25369,35837,0.53767624701338,0.156005682385094,0.381670564628286
10,20,-1.5,0.3,13529,47677,0.614170201712254,0.232526134024547,0.381644067687707
9,35,-1.2,0.4,21093,40113,0.567823028410812,0.186232338816916,0.381590689593896
7,35,-1.2,0.3,23172,38034,0.553017947703563,0.17155515431067,0.381462793392893
8,40,-1.2,0.4,23596,37610,0.551084923524863,0.169831811003719,0.381253112521144
7,35,-1,0.8,24709,36497,0.540240918240547,0.159269470933276,0.38097144730727
6,30,-1.5,0.5,27846,33360,0.524370307318066,0.143646751391799,0.380723555926268
7,20,-1.5,0.3,18837,42369,0.579178886007493,0.198456010986826,0.380722875020667
10,35,-1.5,0.4,21231,39975,0.567408505541061,0.186729241196139,0.380679264344922
8,30,-1,0.5,19752,41454,0.574047826748537,0.193521884513291,0.380525942235247
8,20,-1,0.6,15018,46188,0.602583578162014,0.222199619132222,0.380383959029791
7,25,-1,0.6,19717,41489,0.573025120623329,0.192675336613074,0.380349784010256
7,20,-1.2,0.5,17930,43276,0.584382360882998,0.204072534038155,0.380309826844843
9,30,-1,0.8,19946,41260,0.571800379565555,0.191715103179528,0.380085276386026
10,20,-1.2,0.8,14064,47142,0.6088901893844,0.228958716430106,0.379931472954295
10,30,-1.2,1,20592,40614,0.568182142316917,0.188471384121011,0.379710758195905
10,30,-1.2,0.8,20065,41141,0.571850446124208,0.192493002800285,0.379357443323923
9,25,-1,0.6,16822,44384,0.591063534925985,0.211802286986339,0.379261247939646
9,25,-1,0.5,16254,44952,0.595450287405772,0.216232962539472,0.3792173248663
7,40,-1,1,26584,34622,0.526200199709498,0.147109415475601,0.379090784233897
10,25,-1.2,0.5,16370,44836,0.595225066881629,0.216303578298112,0.378921488583518
6,30,-1.2,0.8,26922,34284,0.527455873958328,0.14859127941741,0.378864594540918
9,20,-1,0.6,13635,47571,0.609993817673643,0.231373781335719,0.378620036337924
6,40,-1.2,1,30701,30505,0.501131280920084,0.122528911012047,0.378602369908036
9,20,-1,0.5,13205,48001,0.612769404624485,0.234731618669961,0.378037785954524
6,40,-1.5,0.5,30597,30609,0.505993978798714,0.127957726437245,0.378036252361469
8,25,-1,0.4,16910,44296,0.589887465515122,0.211988618023478,0.377898847491645
8,35,-1,0.8,23124,38082,0.548633418478982,0.170997574524495,0.377635843954487
10,25,-1.2,0.6,16887,44319,0.590270694608552,0.21266369138966,0.377607003218892
8,20,-0.8,1,14166,47040,0.604376554622059,0.226848443598472,0.377528111023587
5,35,-1.5,1,34329,26877,0.480820755883746,0.103304921588174,0.377515834295572
7,20,-1,0.8,17314,43892,0.585883736121345,0.20844000736244,0.377443728758905
9,40,-1.2,0.8,24706,36500,0.539968984342302,0.162693249771532,0.37727573457077
8,20,-1,0.5,14543,46663,0.603515722033688,0.226244533601949,0.377271188431739
10,20,-1.2,0.5,13109,48097,0.613032468791836,0.235942650476665,0.377089818315171
7,30,-1,0.5,21219,39987,0.561833736480374,0.184751834667715,0.377081901812659
5,40,-1.5,1,35521,25685,0.472913395125677,0.0958830086664931,0.377030386459184
10,35,-1.5,0.3,20365,40841,0.570705174152294,0.193721583357015,0.376983590795279
10,25,-1.2,0.4,15787,45419,0.597159905829258,0.220264343780398,0.376895562048861
10,30,-1.2,0.5,18649,42557,0.579954740500532,0.203313607802928,0.376641132697604
10,20,-1.2,0.4,12658,48548,0.615391211147311,0.238814284442489,0.376576926704822
9,35,-1.2,0.3,20169,41037,0.570647937171415,0.194092143483862,0.376555793687553
8,30,-1,0.4,18961,42245,0.576297467733436,0.199834249472522,0.376463218260914
10,20,-1.2,0.6,13488,47718,0.609417272983914,0.233237430949457,0.376179842034457
7,25,-1,0.5,19059,42147,0.574837807310544,0.198701252805382,0.376136554505162
9,20,-1,0.4,12698,48508,0.614454419165993,0.238350360500242,0.376104058665751
7,20,-1.2,0.4,17316,43890,0.585157667856405,0.209213346109167,0.375944321747238
8,25,-0.8,1,17281,43925,0.582696758524536,0.206871985024687,0.375824773499848
9,25,-1,0.4,15615,45591,0.596663257985895,0.221035807501943,0.375627450483952
10,30,-1.2,0.6,19241,41965,0.574630292559141,0.199089603138703,0.375540689420438
10,30,-1.2,0.4,17957,43249,0.583262661040347,0.20783946291594,0.375423198124407
6,35,-1.2,0.8,28712,32494,0.51299516607166,0.137581499464955,0.375413666606705
9,30,-1,0.6,19057,42149,0.574483814840095,0.199173714407937,0.375310100432158
9,30,-1,0.5,18414,42792,0.579480519480376,0.204277917118035,0.375202602362341
10,40,-1.5,1,25308,35898,0.536396972679342,0.161385871839331,0.375011100840012
9,20,-0.8,1,12871,48335,0.610751674613764,0.235807718565567,0.374943956048197
8,20,-1,0.4,13993,47213,0.604732175273517,0.230400184092588,0.374331991180929
6,35,-1.5,0.4,28576,32630,0.51606601170111,0.142062017730597,0.374003993970513
8,40,-1.2,0.3,22564,38642,0.553410668850108,0.179461276082096,0.373949392768012
10,25,-1.2,0.3,15114,46092,0.598796139968543,0.225245809900998,0.373550330067545
8,20,-0.8,0.8,13694,47512,0.604368358432005,0.230818321921097,0.373550036510908
9,40,-1.2,0.6,23683,37523,0.545419021262714,0.172073143524666,0.373345877738048
10,40,-1.5,0.8,24692,36514,0.539956158671807,0.166827134600328,0.373129024071479
10,20,-1.2,0.3,12137,49069,0.615715656772104,0.242677984827972,0.373037671944132
6,25,-1.5,0.6,26189,35017,0.529768193968557,0.156743780303555,0.373024413665002
8,25,-0.8,0.8,16713,44493,0.584782750338167,0.211856726937183,0.372926023400984
7,35,-1,0.6,23600,37606,0.543193457231773,0.17044280745411,0.372750649777663
8,25,-1,0.3,16121,45085,0.591110368892701,0.218365022710892,0.372745346181809
7,40,-1.2,0.3,24120,37086,0.541935447711402,0.169304455681355,0.372630992030047
9,40,-1.2,0.5,22939,38267,0.550567342427698,0.178039020391259,0.372528322036439
6,30,-1.5,0.4,26943,34263,0.525273313514097,0.152777029975964,0.372496283538133
8,40,-1,1,24942,36264,0.533194225369014,0.160751835744192,0.372442389624822
9,30,-1,0.4,17666,43540,0.582144544949474,0.209754820986422,0.372389723963051
9,20,-0.8,0.8,12456,48750,0.611108814080783,0.238966925579673,0.37214188850111
6,25,-1.2,1,25144,36062,0.534036258236045,0.162059899793952,0.371976358442093
8,35,-1,0.6,22088,39118,0.552484959621144,0.180824932942236,0.371660026678908
7,25,-0.8,1,18701,42505,0.57061955369868,0.199052569299948,0.371566984398732
7,30,-1,0.4,20364,40842,0.563528295195057,0.191994677296141,0.371533617898916
9,25,-1,0.3,14884,46322,0.598129493007011,0.226595920071415,0.371533572935596
7,40,-1,0.8,25807,35399,0.527518021431461,0.156136706455162,0.3713813149763
10,30,-1.2,0.3,17177,44029,0.585040235308867,0.213830997667966,0.371209237640901
9,20,-1,0.3,12119,49087,0.613729538373711,0.242731956552632,0.37099758182108
10,40,-1.5,0.6,23734,37472,0.545645249951096,0.174857797238218,0.370787452712878
10,40,-1.5,0.5,23041,38165,0.550310377649918,0.179708960106416,0.370601417543503
5,30,-1.5,1,32446,28760,0.490209404278551,0.119625755963232,0.370583648315319
7,25,-1,0.4,18313,42893,0.575394499188077,0.204982904470239,0.370411594717838
10,20,-1,1,13137,48069,0.606649823611564,0.236263375098681,0.370386448512883
8,30,-1,0.3,18065,43141,0.577592214961106,0.207371376217475,0.370220838743631
7,20,-1,0.6,16530,44676,0.585255607326279,0.215147193064065,0.370108414262214
7,20,-1.2,0.3,16619,44587,0.585038430393511,0.215262023818849,0.369776406574662
9,40,-1.2,0.4,22091,39115,0.554051306809903,0.184373988654916,0.369677318154987
10,40,-1.5,0.4,22249,38957,0.554493647867485,0.184839154579535,0.36965449328795
8,35,-1,0.5,21345,39861,0.556718997728915,0.18723424952365,0.369484748205265
6,40,-1.5,0.4,29594,31612,0.507586283440076,0.138244171280476,0.3693421121596
6,40,-1.2,0.8,29854,31352,0.502346564111798,0.133178424263379,0.369168139848419
7,35,-1,0.5,22812,38394,0.546710927492484,0.177812416228421,0.368898511264062
9,25,-0.8,1,15986,45220,0.585958958075918,0.21726231856535,0.368696639510567
8,20,-1,0.3,13356,47850,0.604008187852592,0.235442277086435,0.368565910766157
10,20,-1,0.8,12769,48437,0.607313176866618,0.238783794636569,0.368529382230049
8,30,-0.8,1,19509,41697,0.562941154798528,0.194469322739169,0.368471832059359
9,35,-1,1,22304,38902,0.548171558789237,0.179747899557204,0.368423659232033
6,30,-1.2,0.6,25812,35394,0.528103542984837,0.160165957378104,0.367937585606733
7,25,-0.8,0.8,18076,43130,0.572538555487801,0.204685665032812,0.367852890454989
9,20,-0.8,0.6,11815,49391,0.611405632183863,0.243600517803556,0.367805114380307
8,20,-0.8,0.6,12983,48223,0.604066927271575,0.236435995843358,0.367630931428217
9,20,-0.8,0.5,11385,49821,0.614362186195891,0.246759322560307,0.367602863635584
7,30,-0.8,1,20929,40277,0.552922186418915,0.185584243473746,0.367337942945168
9,25,-0.8,0.8,15475,45731,0.588491908792364,0.221222858706369,0.367269050085995
5,35,-1.5,0.8,33449,27757,0.482196381184431,0.114928044715738,0.367268336468693
9,30,-1,0.3,16828,44378,0.583595979566045,0.216330543402574,0.367265436163471
10,25,-1,1,16549,44657,0.583402902067335,0.216202398644378,0.367200503422957
6,25,-1.2,0.8,24449,36757,0.535984295023551,0.169032761928009,0.366951533095543
7,20,-0.8,1,15586,45620,0.587264862436574,0.220431453350122,0.366833409086452
10,25,-1,0.8,16085,45121,0.586230751653356,0.219463338655799,0.366767412997557
10,20,-1,0.5,11814,49392,0.611881415107345,0.245462938596019,0.366418476511326
10,35,-1.2,1,22441,38765,0.547474983784836,0.18110510907672,0.366369874708116
8,25,-0.8,0.6,15873,45333,0.585400968106871,0.219118089290414,0.366282878816458
8,40,-1,0.8,24222,36984,0.534688560513376,0.168451759244411,0.366236801268964
6,25,-1.5,0.5,25496,35710,0.530258096570929,0.164186368099281,0.366071728471647
10,20,-1,0.4,11363,49843,0.614103511183546,0.248184693360872,0.365918817822674
9,20,-0.8,0.4,10878,50328,0.615976943092419,0.250145060080649,0.365831883011771
7,20,-1,0.5,16010,45196,0.585589062490319,0.219765442829196,0.365823619661123
8,35,-1,0.4,20495,40711,0.559631818708604,0.193818970555832,0.365812848152772
8,30,-0.8,0.8,18878,42328,0.565883442485427,0.200075154499083,0.365808287986344
10,40,-1.5,0.3,21333,39873,0.557834553842779,0.192228585702346,0.365605968140433
10,20,-1,0.6,12193,49013,0.608401189474196,0.242872660522628,0.365528528951568
9,40,-1.2,0.3,21117,40089,0.558003932691091,0.192645587723348,0.365358344967743
5,40,-1.5,0.8,34611,26595,0.474109720159485,0.108819077827599,0.365290642331886
9,35,-1,0.8,21671,39535,0.550333188819166,0.185331211007082,0.365001977812084
8,20,-0.8,0.5,12508,48698,0.605135373948874,0.240214812091412,0.364920561857462
6,35,-1.2,0.6,27525,33681,0.515313976048657,0.150534231174399,0.364779744874259
10,25,-1,0.5,14863,46343,0.592800865680647,0.228348220775087,0.36445264490556
10,35,-1.2,0.8,21855,39351,0.550113698005756,0.185755360942231,0.364358337063525
8,25,-0.8,0.5,15260,45946,0.588280762141444,0.223971736227268,0.364309025914176
7,30,-1,0.3,19408,41798,0.564451304558967,0.200386051970198,0.364065252588769
7,25,-1,0.3,17464,43742,0.576069581267589,0.212074494508798,0.363995086758791
10,35,-1.2,0.5,20307,40899,0.561198551600793,0.197220268862167,0.363978282738626
7,30,-0.8,0.8,20241,40965,0.555681369497032,0.191973998610285,0.363707370886747
7,35,-1,0.4,21898,39308,0.548857923745638,0.185423027937498,0.363434895808141
6,35,-1.5,0.3,27478,33728,0.517240096031902,0.153829932699943,0.363410163331959
9,25,-0.8,0.5,14137,47069,0.594718098412981,0.231356581557888,0.363361516855093
10,35,-1.2,0.4,19556,41650,0.565006071228905,0.201896718947704,0.363109352281201
7,40,-1,0.6,24641,36565,0.531097077715069,0.168011718623549,0.36308535909152
5,30,-1.5,0.8,31625,29581,0.492289649313185,0.129371189096601,0.362918460216585
10,25,-1,0.6,15380,45826,0.587796041947337,0.224910391908755,0.362885650038581
9,25,-0.8,0.6,14705,46501,0.590031835165324,0.227277262509754,0.362754572655569
6,30,-1.5,0.3,25931,35275,0.525952494508769,0.163342969362936,0.362609525145833
10,25,-1,0.4,14280,46926,0.594603748912291,0.232066674689487,0.362537074222804
7,20,-0.8,0.8,15057,46149,0.587351822920527,0.224863855116733,0.362487967803794
9,35,-1,0.5,20007,41199,0.561059527608842,0.198633637091242,0.3624258905176
8,20,-0.8,0.4,11958,49248,0.606443182507648,0.244067578508116,0.362375603999531
10,35,-1.2,0.6,20954,40252,0.554997333087868,0.192847876607082,0.362149456480786
7,20,-1,0.4,15396,45810,0.586431168418217,0.224520656187364,0.361910512230853
10,20,-1,0.3,10842,50364,0.613754392998426,0.251868798808351,0.361885594190075
9,35,-1,0.6,20705,40501,0.555189515502007,0.19333152008094,0.361857995421067
6,30,-1.2,0.5,25044,36162,0.529551942473391,0.167933025864537,0.361618916608854
10,30,-1,0.8,18439,42767,0.567923913434867,0.207388399954295,0.360535513480572
10,30,-1,1,18966,42240,0.564087878132917,0.203729697433525,0.360358180699392
8,40,-1,0.6,23129,38077,0.539223086359504,0.178871897416861,0.360351188942643
8,25,-0.8,0.4,14578,46628,0.589328942192532,0.228979430129953,0.360349512062578
8,35,-1,0.3,19513,41693,0.562350847902435,0.202040999978178,0.360309847924257
9,20,-0.8,0.3,10299,50907,0.614565647054365,0.254284070800531,0.360281576253834
9,25,-0.8,0.4,13498,47708,0.595911741725787,0.235774471525288,0.360137270200499
9,35,-1,0.4,19200,42006,0.56438307429648,0.204301247746307,0.360081826550173
7,25,-0.8,0.6,17163,44043,0.572514910280296,0.212676657104932,0.359838253175364
10,25,-1,0.3,13607,47599,0.59651078008902,0.236776936425953,0.359733843663067
10,35,-1.2,0.3,18690,42516,0.56809550600184,0.208463287359417,0.359632218642423
7,40,-1,0.5,23807,37399,0.535139530058954,0.175650189037666,0.359489341021288
8,30,-0.8,0.6,17919,43287,0.567525317824262,0.208211819381556,0.359313498442706
9,30,-0.8,1,18214,42992,0.565236850385997,0.205960024178342,0.359276826207655
6,35,-1.2,0.5,26702,34504,0.518019308984567,0.158875262706567,0.359144046278
10,30,-1,0.5,17023,44183,0.576358554675971,0.217450423455461,0.35890813122051
8,40,-1,0.5,22340,38866,0.54414418689512,0.185475347530407,0.358668839364712
6,30,-1,1,25179,36027,0.524733218362722,0.166221136116691,0.358512082246031
10,20,-0.8,1,11557,49649,0.605518363425037,0.247098688324934,0.358419675100102
6,25,-1.5,0.4,24702,36504,0.530242995813947,0.171847037039552,0.358395958774395
9,30,-0.8,0.8,17640,43566,0.568648011154918,0.210390811202028,0.35825719995289
6,40,-1.2,0.6,28610,32596,0.505269605872142,0.147054042338417,0.358215563533726
10,30,-1,0.4,16331,44875,0.579711597385612,0.221647455128171,0.358064142257441
6,40,-1.5,0.3,28446,32760,0.508729965239243,0.15079700395946,0.357932961279782
6,20,-1.5,1,24073,37133,0.533486779887207,0.175691631584118,0.357795148303088
8,30,-0.8,0.5,17231,43975,0.571214905971382,0.213728858504881,0.357486047466502
10,30,-1,0.6,17615,43591,0.570800174602772,0.213494788020598,0.357305386582174
7,35,-0.8,1,22589,38617,0.535248351994237,0.178402613989132,0.356845738005105
8,20,-0.8,0.3,11321,49885,0.605526280754858,0.248783127800179,0.356743152954678
10,20,-0.8,0.8,11189,50017,0.606217424931343,0.249482619826184,0.35673480510516
6,25,-1.2,0.6,23458,37748,0.535341681033584,0.178811638659363,0.356530042374221
7,25,-0.8,0.5,16505,44701,0.574511188436974,0.218122447019932,0.356388741417042
7,35,-1,0.3,20856,40350,0.550768585389032,0.194588957772863,0.356179627616169
7,30,-0.8,0.6,19209,41997,0.556991875103063,0.200995758086708,0.355996117016354
7,20,-0.8,0.6,14273,46933,0.586984422699371,0.231017131840883,0.355967290858488
9,40,-1,1,23432,37774,0.533329633351737,0.177492025964766,0.355837607386971
9,35,-1,0.3,18276,42930,0.567273621032565,0.211470874716629,0.355802746315935
7,20,-1,0.3,14699,46507,0.585800118589304,0.230111771592892,0.355688346996412
9,25,-0.8,0.3,12767,48439,0.596494564245053,0.240925074879884,0.355569489365169
8,25,-0.8,0.3,13789,47417,0.590297130849086,0.234821316722198,0.355475814126888
8,40,-1,0.4,21449,39757,0.547388177685789,0.192221083387745,0.355167094298044
9,30,-0.8,0.5,16108,45098,0.576834487599361,0.221781406210235,0.355053081389126
8,35,-0.8,1,21169,40037,0.542992939010449,0.188061296712627,0.354931642297822
6,30,-1.2,0.4,24141,37065,0.530829797596762,0.175989600845004,0.354840196751758
5,35,-1.5,0.6,32193,29013,0.484662408757908,0.130080251408309,0.3545821573496
10,20,-0.8,0.5,10234,50972,0.610354075995299,0.255801393577646,0.354552682417653
9,30,-0.8,0.6,16751,44455,0.57139812482619,0.217133616915406,0.354264507910784
6,30,-1,0.8,24421,36785,0.527643277644655,0.173389912907159,0.354253364737496
10,30,-1,0.3,15551,45655,0.581455209620477,0.227234133806262,0.354221075814215
8,30,-0.8,0.4,16440,44766,0.573465134601693,0.219379819401444,0.354085315200249
7,40,-1,0.4,22852,38354,0.537553026013916,0.183483991908847,0.35406903410507
10,20,-0.8,0.4,9783,51423,0.61236000465305,0.258356485862874,0.354003518790176
6,35,-1,1,26963,34243,0.510619737642764,0.156845396251861,0.353774341390903
10,20,-0.8,0.6,10613,50593,0.606650699152515,0.25334509930848,0.353305599844035
10,40,-1.2,1,23613,37593,0.532102600968518,0.178934774164772,0.353167826803746
6,40,-1.2,0.5,27741,33465,0.508464082892409,0.155796428388528,0.352667654503881
9,30,-0.8,0.4,15360,45846,0.579292089539847,0.226738646332094,0.352553443207753
6,20,-1.5,0.8,23474,37732,0.533764130784426,0.181267049178796,0.35249708160563
9,40,-1,0.8,22769,38437,0.535742052284175,0.183475521433962,0.352266530850213
7,30,-0.8,0.5,18476,42730,0.55945116436821,0.207211363899017,0.352239800469192
6,35,-1.2,0.4,25740,35466,0.519676953260109,0.167506570212542,0.352170383047567
7,20,-0.8,0.5,13753,47453,0.5873925078389,0.235281447720202,0.352111060118698
6,25,-1,1,22762,38444,0.535477432880127,0.183696843746815,0.351780589133311
5,40,-1.5,0.6,33298,27908,0.476706137313492,0.125207010999867,0.351499126313625
7,25,-0.8,0.4,15759,45447,0.575218402080682,0.223786180557338,0.351432221523344
7,35,-0.8,0.8,21842,39364,0.536907377664346,0.185662146828641,0.351245230835704
10,40,-1.2,0.8,22997,38209,0.535004279971557,0.183939687777733,0.351064592193824
6,25,-1.2,0.5,22765,38441,0.536429322872056,0.185394652585379,0.351034670286677
5,30,-1.5,0.6,30446,30760,0.493317979985642,0.142619080292029,0.350698899693612
8,35,-0.8,0.8,20479,40727,0.544877087100509,0.194415832386285,0.350461254714223
10,40,-1.2,0.5,21346,39860,0.546230329744187,0.195831379636132,0.350398950108055
6,25,-1.5,0.3,23797,37409,0.530715113282168,0.180518452768786,0.350196660513382
10,40,-1.2,0.4,20554,40652,0.550295557507442,0.200514266631778,0.349781290875664
10,25,-0.8,0.8,14208,46998,0.58286841255982,0.233149939922121,0.349718472637699
10,25,-0.8,1,14672,46534,0.579717623486342,0.230116239160037,0.349601384326305
10,20,-0.8,0.3,9262,51944,0.611451194974828,0.261871813090113,0.349579381884714
9,40,-1,0.6,21746,39460,0.541276437223622,0.191891739033094,0.349384698190528
9,40,-1,0.5,21002,40204,0.546675943522878,0.197307642224822,0.349368301298056
8,40,-1,0.3,20417,40789,0.550153526147752,0.20085890211567,0.349294624032082
9,20,-0.5,1,9863,51343,0.606378534100231,0.257169875475197,0.349208658625034
5,35,-1.2,1,31265,29941,0.484306424598278,0.135117124434406,0.349189300163871
10,40,-1.2,0.6,22039,39167,0.540558602444876,0.191401366052822,0.349157236392054
5,25,-1.5,1,29839,31367,0.495273248281122,0.146349854666232,0.34892339361489
7,20,-0.8,0.4,13139,48067,0.588311236386915,0.239658094148502,0.348653142238413
8,30,-0.8,0.3,15544,45662,0.574512943351436,0.2261903769392,0.348322566412236
10,25,-0.8,0.5,12986,48220,0.589709412625056,0.24140012009768,0.348309292527377
6,25,-1,0.8,22067,39139,0.53770881856789,0.189828939766553,0.347879878801338
7,30,-0.8,0.4,17621,43585,0.561170208719795,0.213625108711868,0.347545100007927
9,40,-1,0.4,20154,41052,0.550385564095934,0.203068815563094,0.34731674853284
9,30,-0.8,0.3,14522,46684,0.580059171170395,0.232774577041278,0.347284594129117
5,30,-1.2,1,29416,31790,0.494989954581921,0.147777717713674,0.347212236868247
10,40,-1.2,0.3,19638,41568,0.554520692740669,0.207421543361309,0.34709914937936
8,20,-0.5,1,10839,50367,0.598306562540124,0.25121749922603,0.347089063314094
6,35,-1,0.8,26146,35060,0.51208912997163,0.165067926695173,0.347021203276457
6,20,-1.2,1,21520,39686,0.540773760907434,0.193993719397151,0.346780041510283
10,25,-0.8,0.4,12403,48803,0.591415732965523,0.244834869029024,0.346580863936499
9,20,-0.5,0.8,9448,51758,0.60647533363304,0.25998769977049,0.346487633862549
6,30,-1.2,0.3,23129,38077,0.531859186794913,0.185373595649235,0.346485591145678
6,40,-1,1,28091,33115,0.499539927653286,0.153074421250487,0.3464655064028
7,40,-0.8,1,23651,37555,0.522208564668771,0.175789713278855,0.346418851389916
7,40,-1,0.3,21760,39446,0.539501665608139,0.193131317650459,0.34637034795768
5,35,-1.5,0.5,31323,29883,0.486201734322859,0.139984055877258,0.346217678445601
10,25,-0.8,0.6,13503,47703,0.584378440318718,0.238212953799509,0.346165486519209
5,40,-1.2,1,32437,28769,0.475594527101425,0.129747442071707,0.345847085029718
8,35,-0.8,0.6,19443,41763,0.548907108467293,0.203101563808398,0.345805544658895
6,40,-1.2,0.4,26738,34468,0.510370575639118,0.164771076341917,0.345599499297201
7,25,-0.8,0.3,14910,46296,0.575754070833236,0.230183684125747,0.345570386707489
10,35,-1,1,20750,40456,0.542477434869889,0.197688761346975,0.344788673522914
6,30,-1,0.6,23311,37895,0.528345839777977,0.183587238786205,0.344758600991772
7,35,-0.8,0.6,20733,40473,0.540124810726871,0.195376456246846,0.344748354480024
8,35,-0.8,0.5,18700,42506,0.553507745769085,0.208827000448674,0.344680745320411
6,25,-1.2,0.4,21971,39235,0.536727964187453,0.192237013849545,0.344490950337908
10,35,-1,0.5,18616,42590,0.556686267481952,0.212479790615574,0.344206476866378
9,20,-0.5,0.5,8377,52829,0.610910917580576,0.266911795815885,0.343999121764691
9,35,-0.8,1,19874,41332,0.5442480881422,0.200312548147298,0.343935539994903
9,20,-0.5,0.6,8807,52399,0.608033192035781,0.264101328229161,0.34393186380662
9,40,-1,0.3,19180,42026,0.554424436213386,0.210572649300442,0.343851786912944
10,35,-1,0.4,17865,43341,0.560617846664679,0.216774015804963,0.343843830859716
9,20,-0.5,0.4,7870,53336,0.613563709505402,0.269893503889367,0.343670205616036
6,35,-1.2,0.3,24642,36564,0.521443299719833,0.177861718187489,0.343581581532344
10,25,-0.8,0.3,11730,49476,0.592656990888735,0.249245122273234,0.343411868615501
10,35,-1,0.8,20164,41042,0.545309514667577,0.201921610186026,0.343387904481551
6,20,-1.5,0.6,22612,38594,0.532271505968497,0.18905030056493,0.343221205403567
8,20,-0.5,0.8,10367,50839,0.597678019291239,0.254719710047197,0.342958309244042
5,40,-1.5,0.5,32382,28824,0.478654122110539,0.135720597047852,0.342933525062687
8,40,-0.8,1,22231,38975,0.528747742505749,0.185925498869793,0.342822243635956
5,25,-1.5,0.8,29081,32125,0.496812494831625,0.154260712038015,0.34255178279361
6,20,-1.2,0.8,20921,40285,0.541363436005394,0.199058358512944,0.342305077492451
7,20,-0.8,0.3,12442,48764,0.587011847028356,0.24480898554002,0.342202861488335
5,30,-1.5,0.5,29631,31575,0.493821890179471,0.151635824855776,0.342186065323695
8,35,-0.8,0.4,17850,43356,0.556540662226072,0.214641668894599,0.341898993331473
10,35,-1,0.6,19263,41943,0.550305155975427,0.208425529555771,0.341879626419656
7,35,-0.8,0.5,19945,41261,0.543625962763378,0.201872377676315,0.341753585087063
5,30,-1.2,0.8,28595,32611,0.497440187394259,0.156053667269139,0.34138652012512
9,35,-0.8,0.8,19241,41965,0.546688483081806,0.205381959912089,0.341306523169717
10,35,-1,0.3,16999,44207,0.563794780222793,0.222865780478531,0.340928999744262
7,30,-0.8,0.3,16665,44541,0.561844664782653,0.22108730822936,0.340757356553293
9,35,-0.8,0.5,17577,43629,0.557984397562673,0.217307022846822,0.340677374715851
9,20,-0.5,0.3,7291,53915,0.614259102598339,0.273642840857379,0.340616261740959
5,35,-1.2,0.8,30385,30821,0.485254349451525,0.144824658802377,0.340429690649148
7,40,-0.8,0.8,22874,38332,0.523759914388196,0.183619542273824,0.340140372114371
6,30,-1,0.5,22543,38663,0.529928108782192,0.190521448765489,0.339406660016703
10,30,-0.8,0.8,16373,44833,0.562554079029601,0.223364247045233,0.339189831984369
9,35,-0.8,0.6,18275,42931,0.551710300974719,0.212533309380295,0.339176991594424
6,40,-1,0.8,27244,33962,0.500916446712807,0.162020892340045,0.338895554372762
9,35,-0.8,0.4,16770,44436,0.561251154923644,0.222370265068872,0.338880889854772
10,30,-0.8,0.5,14957,46249,0.571438732137277,0.232589153560912,0.338849578576365
8,20,-0.5,0.6,9656,51550,0.59845159386937,0.259654315714514,0.338797278154856
6,25,-1,0.6,21076,40130,0.537180825739757,0.19862239998571,0.338558425754047
10,30,-0.8,1,16900,44306,0.558454420738868,0.220009691726239,0.338444729012629
6,35,-1,0.6,24959,36247,0.514659320193484,0.176228897703584,0.3384304224899
10,30,-0.8,0.4,14265,46941,0.574616066021971,0.236403832785303,0.338212233236668
6,25,-1.2,0.3,21066,40140,0.538106475394622,0.199979975087578,0.338126500307043
5,35,-1.5,0.4,30298,30908,0.487795631455158,0.149677808988595,0.338117822466563
8,40,-0.8,0.8,21511,39695,0.530408621370684,0.192760297031812,0.337648324338872
7,35,-0.8,0.4,19031,42175,0.545855786142334,0.208512978441028,0.337342807701306
8,25,-0.5,1,13333,47873,0.57551138256788,0.238258137315389,0.33725324525249
6,20,-1.5,0.5,22057,39149,0.531585663601186,0.194472638477231,0.337113025123955
8,35,-0.8,0.3,16868,44338,0.559003934453539,0.222002296903253,0.337001637550286
10,30,-0.8,0.6,15549,45657,0.565483880488233,0.228960349033954,0.336523531454279
8,20,-0.5,0.5,9181,52025,0.599264422571346,0.262976062101631,0.336288360469715
7,20,-0.5,1,11922,49284,0.583427412292887,0.247150115990183,0.336277296302704
6,40,-1.2,0.3,25590,35616,0.511952284234069,0.175743121006877,0.336209163227193
5,40,-1.2,0.8,31527,29679,0.476369797116975,0.140459453724884,0.335910343392091
8,20,-0.5,0.4,8631,52575,0.602201185013412,0.266326559684126,0.335874625329286
10,20,-0.5,1,8886,52320,0.600188058311257,0.264928588102609,0.335259470208648
9,25,-0.5,1,12357,48849,0.580191341466071,0.244968593575662,0.335222747890409
8,25,-0.5,0.8,12765,48441,0.577612255931164,0.242479791017892,0.335132464913272
5,40,-1.5,0.4,31316,29890,0.48046959664537,0.145850578128762,0.334619018516609
9,25,-0.5,0.8,11846,49360,0.582972413421834,0.248361249503503,0.33461116391833
9,35,-0.8,0.3,15846,45360,0.563428475747648,0.228892671485067,0.334535804262581
5,30,-1.5,0.4,28665,32541,0.495016629202424,0.160574077242947,0.334442551959477
10,30,-0.8,0.3,13485,47721,0.575840014812446,0.241591185162332,0.334248829650113
10,20,-0.5,0.4,7112,54094,0.608977151286748,0.275134386198421,0.333842765088327
6,35,-1,0.5,24136,37070,0.517418569518691,0.183576587776544,0.333841981742147
6,30,-1,0.4,21640,39566,0.531475368406107,0.197672624924493,0.333802743481614
6,25,-1,0.5,20383,40823,0.538364107950247,0.204582363697137,0.33378174425311
6,20,-1.2,0.6,20059,41147,0.539823746822716,0.206115022424547,0.333708724398169
7,40,-0.8,0.6,21708,39498,0.527508471108021,0.19387008870218,0.333638382405841
10,20,-0.5,0.8,8518,52688,0.600618410748966,0.267091992094137,0.33352641865483
10,20,-0.5,0.5,7563,53643,0.60627826801493,0.272819413731112,0.333458854283817
8,40,-0.8,0.6,20418,40788,0.535029788807018,0.201912796539777,0.333116992267241
6,20,-1,1,19350,41856,0.542914889182295,0.21017965338865,0.332735235793645
8,40,-0.8,0.5,19629,41577,0.540298316143557,0.207751353244906,0.332546962898651
8,20,-0.5,0.3,7994,53212,0.603040292340038,0.270524793124886,0.332515499215151
7,20,-0.5,0.8,11393,49813,0.583308429240906,0.251000701456737,0.332307727784169
9,25,-0.5,0.5,10508,50698,0.588837724601686,0.256927940659517,0.331909783942169
6,30,-0.8,1,22233,38973,0.522909785691801,0.191115196879129,0.331794588812671
5,25,-1.5,0.6,28021,33185,0.496807723235616,0.165173024682148,0.331634698553467
6,20,-1.5,0.4,21395,39811,0.531652698101786,0.200028008046528,0.331624690055258
10,20,-0.5,0.3,6591,54615,0.609876157978841,0.278365837966185,0.331510320012657
7,35,-0.8,0.3,17989,43217,0.547849571942904,0.216582650470456,0.331266921472448
7,25,-0.5,1,14416,46790,0.564861396193592,0.233608097484668,0.331253298708924
10,20,-0.5,0.6,7942,53264,0.601774230302302,0.270589144217865,0.331185086084437
5,30,-1.2,0.6,27416,33790,0.498630042743371,0.167524973125343,0.331105069618029
7,40,-0.8,0.5,20874,40332,0.531522894468168,0.200531085930307,0.330991808537861
5,25,-1.2,1,26880,34326,0.500938690975464,0.170066437699943,0.330872253275522
6,25,-0.8,1,20005,41201,0.535347459961207,0.204654997219814,0.330692462741393
9,25,-0.5,0.6,11076,50130,0.58404930160546,0.253479781324638,0.330569520280821
10,40,-1,1,21878,39328,0.526738529196945,0.196204198838897,0.330534330358048
5,35,-1.2,0.6,29129,32077,0.488037269046004,0.157804926965916,0.330232342080089
6,40,-1,0.6,26000,35206,0.504078783486225,0.173900594372005,0.33017818911422
8,40,-0.8,0.4,18738,42468,0.543730532946905,0.213640526153993,0.330090006792912
9,40,-0.8,1,20936,40270,0.528800856367915,0.19878280807336,0.330018048294556
9,25,-0.5,0.4,9869,51337,0.590615002715928,0.260679870998157,0.329935131717771
10,40,-1,0.4,18819,42387,0.545646521357192,0.215883224908711,0.329763296448481
10,40,-1,0.5,19611,41595,0.541367570443037,0.211620837906608,0.329746732536429
8,25,-0.5,0.6,11925,49281,0.577954844542502,0.248551354017767,0.329403490524735
10,40,-1,0.8,21262,39944,0.52980003578524,0.200739529068797,0.329060506716443
6,20,-1,0.8,18751,42455,0.543742372679575,0.214775836021126,0.32896653665845
6,30,-0.8,0.8,21475,39731,0.526155339925876,0.197258613819293,0.328896726106583
7,25,-0.5,0.8,13791,47415,0.567067981500695,0.238283620810835,0.32878436068986
6,20,-1.2,0.5,19504,41702,0.539672321285215,0.211010321999352,0.328661999285863
9,25,-0.5,0.3,9138,52068,0.593634938830361,0.265142669685439,0.328492269144922
8,25,-0.5,0.5,11312,49894,0.580868336259198,0.252600173394834,0.328268162864365
6,35,-1,0.4,23174,38032,0.519310457786968,0.191106027834463,0.328204429952505
6,25,-1,0.4,19589,41617,0.538876828747592,0.210745975385774,0.328130853361817
7,20,-0.5,0.6,10609,50597,0.584433740677127,0.256315888927019,0.328117851750108
10,40,-1,0.6,20304,40902,0.535466290270062,0.207553127227675,0.327913163042387
6,25,-0.8,0.8,19310,41896,0.537915601794413,0.210030494743637,0.327885107050776
10,40,-1,0.3,17903,43303,0.549976124710861,0.222259995680714,0.327716129030147
9,40,-0.8,0.8,20273,40933,0.531441325924351,0.204201555063653,0.327239770860698
5,35,-1.5,0.3,29145,32061,0.488332069024886,0.161524369877019,0.326807699147867
7,40,-0.8,0.4,19919,41287,0.534089053399648,0.207285240495644,0.326803812904003
6,30,-1,0.3,20628,40578,0.532329692418977,0.205969990114017,0.326359702304961
9,40,-0.8,0.5,18506,42700,0.542864146382525,0.216511713701024,0.326352432681501
8,25,-0.5,0.4,10630,50576,0.583102894715558,0.256797340737048,0.32630555397851
5,25,-1.2,0.8,26122,35084,0.502762023309448,0.176877329549284,0.325884693760164
6,40,-1,0.5,25131,36075,0.507325322520195,0.181518832051939,0.325806490468256
9,40,-0.8,0.6,19250,41956,0.537053445750049,0.211683100089953,0.325370345660096
9,40,-0.8,0.4,17658,43548,0.546681705993563,0.221601747568646,0.325079958424917
8,25,-0.5,0.3,9841,51365,0.586784771084112,0.261766450960054,0.325018320124058
8,40,-0.8,0.3,17706,43500,0.546266988224021,0.22131100347909,0.32495598474493
5,40,-1.2,0.6,30214,30992,0.479231621549732,0.154396034546555,0.324835587003178
7,20,-0.5,0.5,10089,51117,0.584790534038009,0.260018976199351,0.324771557838658
6,20,-1.5,0.3,20642,40564,0.531152335852881,0.206556281141216,0.324596054711665
5,30,-1.2,0.5,26601,34605,0.499577383036476,0.175310651840305,0.32426673119617
5,25,-1.5,0.5,27281,33925,0.496839026160281,0.17265292119793,0.324186104962351
6,20,-1.2,0.4,18842,42364,0.540202344647456,0.216035319949995,0.324167024697462
6,35,-0.8,1,23893,37313,0.50809841479229,0.183949251484232,0.324149163308058
5,30,-1,1,26650,34556,0.497120503910487,0.173113643307806,0.324006860602681
5,35,-1.2,0.5,28259,32947,0.490204471736674,0.166203297753502,0.324001173983172
5,30,-1.5,0.3,27598,33608,0.495144210550415,0.171158815277714,0.323985395272701
7,20,-0.5,0.4,9475,51731,0.587607385196452,0.263788479431737,0.323818905764715
8,30,-0.5,1,15137,46069,0.553938799860561,0.230771342425728,0.323167457434833
10,35,-0.8,0.4,15675,45531,0.555516605275365,0.232438466232866,0.323078139042499
10,35,-0.8,0.5,16426,44780,0.551598116748246,0.228590280434673,0.323007836313573
7,25,-0.5,0.6,12878,48328,0.56751401059985,0.244823046084092,0.322690964515758
5,40,-1.5,0.3,30113,31093,0.480996303087969,0.158517238814885,0.322479064273084
6,25,-1,0.3,18684,42522,0.540149323639025,0.217706953291464,0.322442370347562
8,30,-0.5,0.8,14506,46700,0.557012099082765,0.235345961332087,0.321666137750678
9,40,-0.8,0.3,16684,44522,0.549997049003112,0.228381112275896,0.321615936727217
5,35,-1,1,28434,32772,0.485242217615007,0.163658859531079,0.321583358083929
10,35,-0.8,1,18560,42646,0.536709964672334,0.215134961002599,0.321575003669735
6,20,-1,0.6,17889,43317,0.54244540375948,0.221279516195537,0.321165887563943
6,30,-0.8,0.6,20365,40841,0.527097017978693,0.206123421774402,0.320973596204291
6,35,-1,0.3,22076,39130,0.521109931210681,0.20020392723616,0.320906003974521
10,35,-0.8,0.8,17974,43232,0.539760112731651,0.219017421356293,0.320742691375359
7,25,-0.5,0.5,12220,48986,0.569765867885065,0.249305781199357,0.320460086685708
7,40,-0.8,0.3,18827,42379,0.536144517882887,0.215709433278846,0.32043508460404
10,25,-0.5,0.8,10916,50290,0.576399754457627,0.256160998350792,0.320238756106835
7,20,-0.5,0.3,8778,52428,0.588507500383593,0.268303337779569,0.320204162604024
6,40,-1,0.4,24128,37078,0.509478443805954,0.189274335388728,0.320204108417226
10,35,-0.8,0.3,14809,46397,0.558147503312851,0.238045050243634,0.320102453069217
10,25,-0.5,0.5,9694,51512,0.583371236501576,0.263306410227941,0.320064826273636
10,35,-0.8,0.6,17073,44133,0.54486918257176,0.224912620935524,0.319956561636237
5,30,-1,0.8,25829,35377,0.499922568723049,0.180076598474727,0.319845970248323
6,25,-0.8,0.6,18319,42887,0.537535778906472,0.217833175260607,0.319702603645866
10,25,-0.5,1,11380,49826,0.573053467906567,0.253515885287315,0.319537582619252
9,30,-0.5,0.5,12055,49151,0.570516281283649,0.250979057093246,0.319537224190403
7,30,-0.5,1,16220,44986,0.54502597777967,0.225647094026921,0.319378883752749
9,30,-0.5,0.8,13587,47619,0.56087673888086,0.241687469856359,0.319189269024501
9,30,-0.5,1,14161,47045,0.557142833559496,0.238033737553377,0.31910909600612
6,35,-0.8,0.8,23076,38130,0.510030874292863,0.190965809902413,0.31906506439045
10,25,-0.5,0.4,9111,52095,0.585262295182807,0.266313348554483,0.318948946628324
6,20,-1.2,0.3,18089,43117,0.540751576552566,0.221938253860766,0.3188133226918
10,25,-0.5,0.3,8438,52768,0.588961139911437,0.270197879248513,0.318763260662924
5,40,-1.2,0.5,29298,31908,0.481895903449057,0.163204695858536,0.318691207590522
9,30,-0.5,0.4,11307,49899,0.573650340520059,0.255049675194693,0.318600665325366
6,20,-0.8,1,16890,44316,0.544505154980341,0.226200241339213,0.318304913641128
5,30,-1.2,0.4,25635,35571,0.501269908571134,0.183046686764948,0.318223221806186
7,25,-0.5,0.4,11474,49732,0.571977331740709,0.253990110966765,0.317987220773945
8,30,-0.5,0.6,13547,47659,0.559803894571244,0.241912640973306,0.317891253597937
5,35,-1.2,0.4,27234,33972,0.492250543149143,0.174525426382286,0.317725116766857
9,30,-0.5,0.6,12698,48508,0.564805220928856,0.247187653240949,0.317617567687907
7,30,-0.5,0.8,15532,45674,0.548112887557589,0.230746005386162,0.317366882171427
8,30,-0.5,0.5,12859,48347,0.56371136576776,0.246356705318179,0.317354660449581
6,30,-0.8,0.5,19597,41609,0.529548961747016,0.212251409497743,0.317297552249272
5,25,-1.5,0.4,26424,34782,0.497271593111123,0.180041191515464,0.31723040159566
10,25,-0.5,0.6,10211,50995,0.577183759414474,0.260549000184569,0.316634759229905
7,25,-0.5,0.3,10625,50581,0.575785235144126,0.259326704216169,0.316458530927958
6,25,-0.8,0.5,17626,43580,0.539623867176903,0.223174282551062,0.316449584625841
6,20,-1,0.5,17334,43872,0.542241723263031,0.225793759882716,0.316447963380315
9,30,-0.5,0.3,10469,50737,0.576587682066365,0.26014859041749,0.316439091648875
5,25,-1.2,0.6,25062,36144,0.502830641447006,0.186457216203074,0.316373425243931
5,40,-1,1,29562,31644,0.475966193189612,0.160000978617072,0.31596521457254
8,30,-0.5,0.4,12068,49138,0.566643777942209,0.250932762759653,0.315711015182556
6,20,-0.8,0.8,16291,44915,0.545536672666861,0.230332695802045,0.315203976864815
6,40,-0.8,1,24955,36251,0.496560504561383,0.181421275037634,0.315139229523748
5,35,-1,0.8,27554,33652,0.486574831893962,0.171717125393555,0.314857706500407
5,25,-1,1,24233,36973,0.504862090277197,0.190807757503668,0.314054332773529
8,30,-0.5,0.3,11172,50034,0.570008841344758,0.256576968665136,0.313431872679622
7,30,-0.5,0.6,14500,46706,0.550848494862201,0.237853443087728,0.312995051774473
6,30,-0.8,0.4,18694,42512,0.531191304902147,0.218519907260928,0.312671397641219
6,20,-1,0.4,16672,44534,0.542992823061984,0.230392998166665,0.312599824895319
6,40,-1,0.3,22980,38226,0.511322245583604,0.198860072787494,0.31246217279611
6,35,-0.8,0.6,21889,39317,0.512957946412925,0.200538986333064,0.312418960079861
5,40,-1.2,0.4,28232,32974,0.484117971266619,0.171848998278898,0.312268972987721
6,25,-0.8,0.4,16832,44374,0.540304792867649,0.228681695455375,0.311623097412274
7,30,-0.5,0.5,13767,47439,0.554109104883104,0.242787828369768,0.311321276513336
5,30,-1,0.6,24650,36556,0.501228143095097,0.190046695587626,0.311181447507471
5,25,-1.2,0.5,24322,36884,0.503369257222317,0.192987973634278,0.310381283588039
5,25,-1,0.8,23475,37731,0.507029218001738,0.196680548326218,0.31034866967552
5,20,-1.5,1,26037,35169,0.494923467259898,0.185292694891233,0.309630772368665
5,30,-1.2,0.3,24568,36638,0.501861878029495,0.192358540848376,0.309503337181119
6,35,-0.8,0.5,21066,40140,0.516411854021794,0.206946631766548,0.309465222255246
6,40,-0.8,0.8,24108,37098,0.498355105590869,0.18900426302178,0.309350842569089
7,30,-0.5,0.4,12912,48294,0.556757377901605,0.247905423333001,0.308851954568604
5,35,-1.2,0.3,26081,35125,0.493463712331573,0.18483351173963,0.308630200591944
5,25,-1.5,0.3,25464,35742,0.497192213212555,0.1886510023178,0.308541210894755
10,40,-0.8,0.4,16563,44643,0.540357585010155,0.231922661122897,0.308434923887258
5,40,-1,0.8,28652,32554,0.477087255309401,0.168777313604049,0.308309941705353
6,20,-0.8,0.6,15429,45777,0.544440569820075,0.236248323097148,0.308192246722927
10,40,-0.8,0.5,17355,43851,0.536000207846436,0.228150844726359,0.307849363120076
10,30,-0.5,0.4,10549,50657,0.568425904273285,0.260951887047496,0.307474017225789
6,20,-1,0.3,15919,45287,0.543173262233244,0.235814501306822,0.307358760926423
10,30,-0.5,0.5,11241,49965,0.564974067976465,0.25771312886808,0.307260939108385
5,35,-1,0.6,26298,34908,0.489739406146125,0.182703809850201,0.307035596295924
6,25,-0.8,0.3,15927,45279,0.541664058868866,0.234888806759322,0.306775252109544
10,40,-0.8,1,19622,41584,0.520746764330323,0.214195749144673,0.30655101518565
10,40,-0.8,0.3,15647,45559,0.544128686623739,0.237752227759705,0.306376458864034
7,30,-0.5,0.3,11956,49250,0.560298858023027,0.253958172784044,0.306340685238983
10,30,-0.5,0.3,9769,51437,0.571637898746186,0.265404759483794,0.306233139262392
6,30,-0.8,0.3,17682,43524,0.53160248099864,0.225803464124061,0.305799016874579
10,40,-0.8,0.8,19006,42200,0.523980300843858,0.218351527237399,0.305628773606459
5,30,-1,0.5,23835,37371,0.502504475620328,0.196920733904861,0.305583741715467
10,40,-0.8,0.6,18048,43158,0.52971340288707,0.224497779024112,0.305215623862958
6,35,-0.8,0.4,20104,41102,0.518446235407516,0.213443754252561,0.305002481154955
5,25,-1.2,0.4,23465,37741,0.504212484447907,0.199468807513698,0.304743676934209
6,20,-0.8,0.5,14874,46332,0.545047562571479,0.240388219303079,0.3046593432684
5,20,-1.5,0.8,25375,35831,0.495140176066658,0.190642292362494,0.304497883704164
10,30,-0.5,0.8,12657,48549,0.554273572300476,0.249988338896783,0.304285233403693
8,35,-0.5,1,16506,44700,0.531250392326109,0.227496396708507,0.303753995617602
10,30,-0.5,0.6,11833,49373,0.558113514004665,0.254674787349846,0.303438726654819
6,40,-0.8,0.6,22864,38342,0.501747945345642,0.199111368401267,0.302636576944375
10,30,-0.5,1,13184,48022,0.549759036200173,0.247178407736782,0.302580628463392
7,35,-0.5,1,17589,43617,0.524502632452655,0.222081625982346,0.30242100647031
5,40,-1.2,0.3,27029,34177,0.485169832573035,0.182787722944672,0.302382109628363
5,35,-1,0.5,25428,35778,0.492160227395461,0.190008197117162,0.302152030278299
5,25,-1,0.6,22415,38791,0.50728104417402,0.205198889244752,0.302082154929267
9,35,-0.5,0.5,13233,47973,0.550175767353887,0.24876011137197,0.301415655981917
6,20,-0.8,0.4,14212,46994,0.54590573640345,0.244586866469016,0.301318869934435
9,35,-0.5,0.4,12426,48780,0.554054446781358,0.252804990044851,0.301249456736506
5,30,-1,0.4,22869,38337,0.504572908850982,0.203680667689688,0.300892241161294
8,35,-0.5,0.8,15816,45390,0.533218296107332,0.232616641407418,0.300601654699914
8,35,-0.5,0.5,14037,47169,0.543994797446774,0.243948731826509,0.300046065620265
6,40,-0.8,0.5,21995,39211,0.505678498802169,0.205678048546186,0.300000450255983
5,20,-1.2,1,23256,37950,0.502541801411452,0.202587071151414,0.299954730260039
5,40,-1,0.6,27339,33867,0.480313603131614,0.180488721926117,0.299824881205497
8,35,-0.5,0.6,14780,46426,0.539164589832408,0.239476380189492,0.299688209642916
8,35,-0.5,0.4,13187,48019,0.547628323874999,0.248531116103825,0.299097207771174
9,35,-0.5,1,15530,45676,0.533981140422931,0.235142481111493,0.298838659311437
9,35,-0.5,0.3,11502,49704,0.557023579874906,0.258198832824594,0.298824747050311
6,35,-0.8,0.3,19006,42200,0.520113509486223,0.221346003216756,0.298767506269467
7,35,-0.5,0.8,16842,44364,0.526429257779334,0.227778780996913,0.298650476782421
9,35,-0.5,0.6,13931,47275,0.543633815569509,0.2449893136269,0.298644501942609
5,30,-0.8,1,23499,37707,0.49606463306074,0.19747656186547,0.29858807119527
5,25,-1.2,0.3,22505,38701,0.505159025597127,0.207092898244273,0.298066127352855
5,35,-1,0.4,24403,36803,0.49454490927203,0.197142408273043,0.297402500998987
9,35,-0.5,0.8,14897,46309,0.536662197500013,0.239276060972826,0.297386136527187
5,25,-1,0.5,21675,39531,0.508107762511901,0.211055589967052,0.297052172544849
7,35,-0.5,0.6,15733,45473,0.53180068231426,0.235224313937917,0.296576368376342
8,35,-0.5,0.3,12205,49001,0.551050999992254,0.254497921459176,0.296553078533078
5,20,-1.5,0.6,24444,36762,0.494444310044658,0.198165988241095,0.296278321803563
5,30,-0.8,0.8,22678,38528,0.49932458130424,0.203333876509428,0.295990704794812
6,20,-0.8,0.3,13459,47747,0.545500047800458,0.249523992444575,0.295976055355883
7,35,-0.5,0.5,14945,46261,0.535988585561667,0.240222467468309,0.295766118093358
6,40,-0.8,0.4,20992,40214,0.508030615262302,0.212283984104946,0.295746631157356
5,20,-1.2,0.8,22594,38612,0.50302434340486,0.207380436899985,0.295643906504875
5,40,-1,0.5,26423,34783,0.483243982314089,0.188060773923899,0.29518320839019
5,25,-0.8,1,21271,39935,0.50554637574881,0.211073725747864,0.294472650000946
7,35,-0.5,0.4,14031,47175,0.538922014303671,0.245377450044148,0.293544564259523
5,30,-1,0.3,21802,39404,0.50515369658432,0.211822474660821,0.293331221923498
5,35,-0.8,1,25159,36047,0.483572295367666,0.190328472775773,0.293243822591893
6,25,-0.5,1,15357,45849,0.53065147534681,0.237888525093039,0.292762950253771
6,25,-0.5,0.8,14662,46544,0.534989359069098,0.242233655057854,0.292755704011244
5,25,-1,0.4,20818,40388,0.50927335187702,0.216812131033867,0.292461220843153
5,25,-0.8,0.8,20513,40693,0.508156255226506,0.216139795541555,0.292016459684951
7,35,-0.5,0.3,12989,48217,0.54257694848553,0.251776554074621,0.290800394410909
5,40,-1,0.4,25357,35849,0.485804768071303,0.195388063329697,0.290416704741606
6,20,-0.5,1,12863,48343,0.541794618387603,0.251433949288894,0.290360669098709
5,20,-1.5,0.5,23842,37364,0.493493659833622,0.203492431460599,0.290001228373023
5,35,-1,0.3,23250,37956,0.495946243569256,0.206093475060045,0.289852768509211
5,20,-1,1,20821,40385,0.507341836374711,0.217568602754219,0.289773233620491
6,20,-0.5,0.8,12264,48942,0.544258057254897,0.254946228464373,0.289311828790524
6,40,-0.8,0.3,19844,41362,0.509730866466741,0.220541372259368,0.289189494207372
8,40,-0.5,1,17404,43802,0.516164297426405,0.227011294222504,0.289153003203901
5,30,-0.8,0.6,21499,39707,0.500981270074382,0.211873846462658,0.289107423611724
7,40,-0.5,1,18487,42719,0.510346724916426,0.221399388980205,0.288947335936221
10,35,-0.5,0.4,11668,49538,0.547401572447121,0.258863795372159,0.288537777074962
5,35,-0.8,0.8,24279,36927,0.485493775206553,0.197076786568708,0.288416988637845
5,20,-1.2,0.6,21663,39543,0.502345022240066,0.214112588063024,0.288232434177042
10,35,-0.5,0.5,12419,48787,0.543304999782307,0.255688708894637,0.28761629088767
10,35,-0.5,0.3,10802,50404,0.550711992018281,0.263575278965959,0.287136713052323
6,30,-0.5,1,17161,44045,0.517074075929543,0.229977995869892,0.287096080059651
5,25,-1,0.3,19858,41348,0.510285032765753,0.223604193512704,0.286680839253049
6,25,-0.5,0.6,13671,47535,0.535171087933933,0.248513689307495,0.286657398626438
5,20,-1,0.8,20159,41047,0.508124067518721,0.221850343489035,0.286273724029685
6,30,-0.5,0.8,16403,44803,0.520993960433562,0.234736739066215,0.286257221367346
5,40,-0.8,1,26221,34985,0.473838330643466,0.187959000716055,0.28587932992741
5,20,-1.5,0.4,23117,38089,0.494165568171628,0.208682111082388,0.285483457089239
8,40,-0.5,0.8,16684,44522,0.517757386165816,0.23244610194678,0.285311284219036
5,30,-0.8,0.5,20684,40522,0.503105443938873,0.217881741097111,0.285223702841762
5,25,-0.8,0.6,19453,41753,0.508673176396421,0.223600703424318,0.285072472972103
6,20,-0.5,0.6,11402,49804,0.54499958677079,0.259991715837517,0.285007870933273
8,40,-0.5,0.5,14802,46404,0.528918310351903,0.243995014818544,0.284923295533359
6,25,-0.5,0.5,12978,48228,0.537750034115428,0.252849170249112,0.284900863866316
8,40,-0.5,0.4,13911,47295,0.533052947022577,0.248512553538759,0.284540393483818
7,40,-0.5,0.8,17710,43496,0.512002008780992,0.227465350558917,0.284536658222075
8,40,-0.5,0.6,15591,45615,0.523362607277218,0.239546987296472,0.283815619980746
9,40,-0.5,0.4,13150,48056,0.536635316671407,0.252883506987849,0.283751809683558
9,40,-0.5,0.5,13998,47208,0.532187386368662,0.248930396035093,0.28325699033357
10,35,-0.5,0.6,13066,48140,0.535691167130674,0.2527066600169,0.282984507113774
5,20,-1.2,0.5,21061,40145,0.501849129799384,0.218876604684934,0.28297252511445
6,25,-0.5,0.3,11279,49927,0.545148852600748,0.262433517804299,0.282715334796449
5,35,-0.8,0.6,23023,38183,0.489057195697165,0.20634970108375,0.282707494613415
5,40,-1,0.3,24154,37052,0.487276246054769,0.204829491124912,0.282446754929857
6,20,-0.5,0.5,10847,50359,0.545881988798936,0.263548328319798,0.282333660479138
6,25,-0.5,0.4,12184,49022,0.539650680728023,0.257342181013252,0.282308499714771
9,40,-0.5,0.3,12176,49030,0.540531455767505,0.258412872170912,0.282118583596593
6,30,-0.5,0.6,15293,45913,0.523464856458659,0.241584821788325,0.281880034670334
9,40,-0.5,1,16428,44778,0.516791065515585,0.234989141871276,0.281801923644309
7,40,-0.5,0.6,16544,44662,0.516949050900274,0.235181622667164,0.28176742823311
8,40,-0.5,0.3,12879,48327,0.536396776103368,0.254642800706405,0.281753975396962
7,40,-0.5,0.5,15710,45496,0.521896397094254,0.240181687101682,0.281714709992572
5,30,-0.8,0.4,19718,41488,0.505375479962604,0.223705756033911,0.281669723928693
5,25,-0.8,0.5,18713,42493,0.510337278434665,0.228801522671752,0.281535755762913
6,20,-0.5,0.4,10185,51021,0.548428334280536,0.267123349334824,0.281304984945712
10,35,-0.5,0.8,13967,47239,0.528965458018054,0.2478640334855,0.281101424532553
10,35,-0.5,1,14553,46653,0.52570951719083,0.244633700481057,0.281075816709773
9,40,-0.5,0.6,14742,46464,0.526056688507628,0.245214686719341,0.280842001788287
6,30,-0.5,0.5,14525,46681,0.526870382624897,0.246372396606804,0.280497986018093
5,40,-0.8,0.8,25311,35895,0.475515739597506,0.195248679472987,0.280267060124519
9,40,-0.5,0.8,15765,45441,0.519534993681114,0.23934799657895,0.280186997102164
7,40,-0.5,0.4,14755,46451,0.525226453368331,0.245289089480002,0.279937363888328
5,20,-1,0.6,19228,41978,0.507772333378395,0.228005082775268,0.279767250603127
5,20,-1.2,0.4,20336,40870,0.503145263405925,0.223486337775052,0.279658925630873
5,35,-0.8,0.5,22153,39053,0.492160210506842,0.21263860650991,0.279521603996933
6,20,-0.5,0.3,9432,51774,0.550680338869303,0.271389638964302,0.279290699905001
6,30,-0.5,0.4,13622,47584,0.529685271539257,0.251296537952329,0.278388733586927
5,20,-1.5,0.3,22309,38897,0.493218663871491,0.215066777923415,0.278151885948077
5,25,-0.8,0.4,17856,43350,0.511731970205916,0.233862405866126,0.27786956433979
7,40,-0.5,0.3,13663,47543,0.528856429029494,0.251872883788714,0.27698354524078
5,20,-0.8,1,18156,43050,0.509452155664518,0.23269476571059,0.276757389953927
6,30,-0.5,0.3,12610,48596,0.533706977543401,0.257100105122549,0.276606872420852
5,35,-0.8,0.4,21128,40078,0.494784056447221,0.218679270554757,0.276104785892464
5,20,-1,0.5,18626,42580,0.507479980530476,0.232364997294709,0.275114983235768
5,30,-0.8,0.3,18651,42555,0.505596715688536,0.230797060808516,0.274799654880021
5,20,-1.2,0.3,19528,41678,0.503315611938575,0.229212386386321,0.274103225552255
5,20,-0.8,0.8,17494,43712,0.510534847521217,0.236492334625586,0.274042512895631
5,40,-0.8,0.6,23998,37208,0.479023004771473,0.205044833127984,0.273978171643489
5,25,-0.8,0.3,16896,44310,0.512857453286597,0.239874137370765,0.272983315915833
6,35,-0.5,1,18530,42676,0.49937981424671,0.226484767921428,0.272895046325282
5,20,-1,0.4,17901,43305,0.50915932663694,0.23652965291731,0.272629673719629
5,40,-0.8,0.5,23082,38124,0.482637207335017,0.211481464674907,0.271155742660111
10,40,-0.5,0.4,12392,48814,0.529486807480487,0.25904132924306,0.270445478237427
6,35,-0.5,0.8,17713,43493,0.501894685636754,0.231833151023621,0.270061534613133
10,40,-0.5,0.3,11476,49730,0.533733920963734,0.263872453147925,0.269861467815809
5,35,-0.8,0.3,19975,41231,0.496124025662342,0.226388522166823,0.269735503495519
10,40,-0.5,0.5,13184,48022,0.524697581495611,0.256007181993942,0.268690399501669
5,20,-0.8,0.6,16563,44643,0.510466139773513,0.242032263468493,0.26843387630502
6,35,-0.5,0.6,16526,44680,0.507081467510218,0.239011795964443,0.268069671545775
5,40,-0.8,0.4,22016,39190,0.485490483385042,0.217598196651347,0.267892286733694
6,35,-0.5,0.5,15703,45503,0.511476827532381,0.243853470021828,0.267623357510553
5,20,-1,0.3,17093,44113,0.509156503485525,0.241761837648481,0.267394665837044
6,35,-0.5,0.4,14741,46465,0.514492622944937,0.248807913128421,0.265684709816516
5,20,-0.8,0.5,15961,45245,0.510867904737789,0.246002081395571,0.264865823342218
10,40,-0.5,0.6,13877,47329,0.517555158063837,0.253115680942821,0.264439477121016
6,35,-0.5,0.3,13643,47563,0.518411878187253,0.2549575835395,0.263454294647753
10,40,-0.5,1,15451,45755,0.507926193963685,0.244741276886959,0.263184917076726
10,40,-0.5,0.8,14835,46371,0.511243951956378,0.248157455133104,0.263086496823274
5,20,-0.8,0.4,15236,45970,0.512743124085035,0.249748860141367,0.262994263943668
5,40,-0.8,0.3,20813,40393,0.486904891933244,0.225659834073337,0.261245057859907
6,40,-0.5,1,19428,41778,0.486894176106593,0.225896414869016,0.260997761237577
5,25,-0.5,0.8,15530,45676,0.506097159872885,0.246820094073813,0.259277065799072
5,25,-0.5,1,16288,44918,0.501590435747256,0.242812237486081,0.258778198261174
5,20,-0.8,0.3,14428,46778,0.512128293586088,0.254484198006303,0.257644095579785
6,40,-0.5,0.8,18581,42625,0.489085711082707,0.231600180812525,0.257485530270182
5,30,-0.5,1,18092,43114,0.491261038942233,0.234960693204825,0.256300345737408
5,30,-0.5,0.8,17271,43935,0.495395871963109,0.239379851249141,0.256016020713968
6,40,-0.5,0.5,16468,44738,0.498958727598712,0.243867268450567,0.255091459148144
5,25,-0.5,0.6,14470,46736,0.507628053987094,0.252688367194051,0.254939686793043
6,40,-0.5,0.6,17337,43869,0.49385064192725,0.239035984233693,0.254814657693557
6,40,-0.5,0.4,15465,45741,0.502323707096433,0.248768298565624,0.25355540853081
5,30,-0.5,0.6,16092,45114,0.498916124632937,0.245808846799034,0.253107277833903
5,25,-0.5,0.5,13730,47476,0.509597956542261,0.256841546212855,0.252756410329405
5,25,-0.5,0.3,11913,49293,0.517791912390125,0.265757877529106,0.252034034861019
5,25,-0.5,0.4,12873,48333,0.512531805091251,0.260875092556447,0.251656712534804
5,30,-0.5,0.5,15277,45929,0.501720338578198,0.250414667555498,0.251305671022699
5,20,-0.5,1,13794,47412,0.507336886880319,0.2563051268433,0.251031760037019
6,40,-0.5,0.3,14317,46889,0.506009813188998,0.255098562397524,0.250911250791475
5,30,-0.5,0.4,14311,46895,0.505430690731289,0.254869039324344,0.250561651406945
5,20,-0.5,0.8,13132,48074,0.509939943096782,0.259478845174826,0.250461097921956
5,30,-0.5,0.3,13244,47962,0.509218858286251,0.260458905427237,0.248759952859014
5,20,-0.5,0.6,12201,49005,0.512078517310203,0.264112312315255,0.247966204994948
5,20,-0.5,0.4,10874,50332,0.516621578951469,0.270605685064497,0.246015893886972
5,20,-0.5,0.5,11599,49607,0.512531132376404,0.267482454457094,0.24504867791931
5,35,-0.5,1,19461,41745,0.475926348007109,0.231542246816634,0.244384101190476
5,20,-0.5,0.3,10066,51140,0.518681575967141,0.274667415800748,0.244014160166393
5,35,-0.5,0.8,18581,42625,0.478604242125893,0.236548522256595,0.242055719869298
5,35,-0.5,0.6,17325,43881,0.484687206011664,0.243305967489924,0.24138123852174
5,35,-0.5,0.5,16455,44751,0.488392647923563,0.247958689142079,0.240433958781484
5,35,-0.5,0.4,15430,45776,0.49228607940209,0.252423574693154,0.239862504708935
5,35,-0.5,0.3,14277,46929,0.495873053407442,0.25835161982426,0.237521433583181
5,40,-0.5,1,20359,40847,0.465600286909447,0.231107140442084,0.234493146467363
5,40,-0.5,0.8,19449,41757,0.46786165602702,0.236418037756138,0.231443618270881
5,40,-0.5,0.6,18136,43070,0.472611787481415,0.243409629985452,0.229202157495962
5,40,-0.5,0.5,17220,43986,0.47704309103531,0.248040553152558,0.229002537882752
5,40,-0.5,0.4,16154,45052,0.481243070289755,0.252440317651596,0.228802752638159
5,40,-0.5,0.3,14951,46255,0.48462578672801,0.258542527854859,0.226083258873151
